frame,cell_count,stage,selected_source,all_candidate_source_count
1,4,early_verified_001_084_old_CellUniverse,/Volumes/T9/🦠Cell Universe/🟣Output/✅C.elegans_developing embryo 11.76G/⚜️Yiding_embryo1~84 Verified 2G 20250430/✅embryo1~40 937M 20260414.0222_Yiding/✅1~40 VerifyRight_cells.csv,1
2,4,early_verified_001_084_old_CellUniverse,/Volumes/T9/🦠Cell Universe/🟣Output/✅C.elegans_developing embryo 11.76G/⚜️Yiding_embryo1~84 Verified 2G 20250430/✅embryo1~40 937M 20260414.0222_Yiding/✅1~40 VerifyRight_cells.csv,1
3,4,early_verified_001_084_old_CellUniverse,/Volumes/T9/🦠Cell Universe/🟣Output/✅C.elegans_developing embryo 11.76G/⚜️Yiding_embryo1~84 Verified 2G 20250430/✅embryo1~40 937M 20260414.0222_Yiding/✅1~40 VerifyRight_cells.csv,1
4,4,early_verified_001_084_old_CellUniverse,/Volumes/T9/🦠Cell Universe/🟣Output/✅C.elegans_developing embryo 11.76G/⚜️Yiding_embryo1~84 Verified 2G 20250430/✅embryo1~40 937M 20260414.0222_Yiding/✅1~40 VerifyRight_cells.csv,1
5,5,early_verified_001_084_old_CellUniverse,/Volumes/T9/🦠Cell Universe/🟣Output/✅C.elegans_developing embryo 11.76G/⚜️Yiding_embryo1~84 Verified 2G 20250430/✅embryo1~40 937M 20260414.0222_Yiding/✅1~40 VerifyRight_cells.csv,1
6,6,early_verified_001_084_old_CellUniverse,/Volumes/T9/🦠Cell Universe/🟣Output/✅C.elegans_developing embryo 11.76G/⚜️Yiding_embryo1~84 Verified 2G 20250430/✅embryo1~40 937M 20260414.0222_Yiding/✅1~40 VerifyRight_cells.csv,1
7,6,early_verified_001_084_old_CellUniverse,/Volumes/T9/🦠Cell Universe/🟣Output/✅C.elegans_developing embryo 11.76G/⚜️Yiding_embryo1~84 Verified 2G 20250430/✅embryo1~40 937M 20260414.0222_Yiding/✅1~40 VerifyRight_cells.csv,1
8,6,early_verified_001_084_old_CellUniverse,/Volumes/T9/🦠Cell Universe/🟣Output/✅C.elegans_developing embryo 11.76G/⚜️Yiding_embryo1~84 Verified 2G 20250430/✅embryo1~40 937M 20260414.0222_Yiding/✅1~40 VerifyRight_cells.csv,1
9,8,early_verified_001_084_old_CellUniverse,/Volumes/T9/🦠Cell Universe/🟣Output/✅C.elegans_developing embryo 11.76G/⚜️Yiding_embryo1~84 Verified 2G 20250430/✅embryo1~40 937M 20260414.0222_Yiding/✅1~40 VerifyRight_cells.csv,1
10,8,early_verified_001_084_old_CellUniverse,/Volumes/T9/🦠Cell Universe/🟣Output/✅C.elegans_developing embryo 11.76G/⚜️Yiding_embryo1~84 Verified 2G 20250430/✅embryo1~40 937M 20260414.0222_Yiding/✅1~40 VerifyRight_cells.csv,1
11,8,early_verified_001_084_old_CellUniverse,/Volumes/T9/🦠Cell Universe/🟣Output/✅C.elegans_developing embryo 11.76G/⚜️Yiding_embryo1~84 Verified 2G 20250430/✅embryo1~40 937M 20260414.0222_Yiding/✅1~40 VerifyRight_cells.csv,1
12,8,early_verified_001_084_old_CellUniverse,/Volumes/T9/🦠Cell Universe/🟣Output/✅C.elegans_developing embryo 11.76G/⚜️Yiding_embryo1~84 Verified 2G 20250430/✅embryo1~40 937M 20260414.0222_Yiding/✅1~40 VerifyRight_cells.csv,1
13,8,early_verified_001_084_old_CellUniverse,/Volumes/T9/🦠Cell Universe/🟣Output/✅C.elegans_developing embryo 11.76G/⚜️Yiding_embryo1~84 Verified 2G 20250430/✅embryo1~40 937M 20260414.0222_Yiding/✅1~40 VerifyRight_cells.csv,1
14,8,early_verified_001_084_old_CellUniverse,/Volumes/T9/🦠Cell Universe/🟣Output/✅C.elegans_developing embryo 11.76G/⚜️Yiding_embryo1~84 Verified 2G 20250430/✅embryo1~40 937M 20260414.0222_Yiding/✅1~40 VerifyRight_cells.csv,1
15,8,early_verified_001_084_old_CellUniverse,/Volumes/T9/🦠Cell Universe/🟣Output/✅C.elegans_developing embryo 11.76G/⚜️Yiding_embryo1~84 Verified 2G 20250430/✅embryo1~40 937M 20260414.0222_Yiding/✅1~40 VerifyRight_cells.csv,1
16,8,early_verified_001_084_old_CellUniverse,/Volumes/T9/🦠Cell Universe/🟣Output/✅C.elegans_developing embryo 11.76G/⚜️Yiding_embryo1~84 Verified 2G 20250430/✅embryo1~40 937M 20260414.0222_Yiding/✅1~40 VerifyRight_cells.csv,1
17,8,early_verified_001_084_old_CellUniverse,/Volumes/T9/🦠Cell Universe/🟣Output/✅C.elegans_developing embryo 11.76G/⚜️Yiding_embryo1~84 Verified 2G 20250430/✅embryo1~40 937M 20260414.0222_Yiding/✅1~40 VerifyRight_cells.csv,1
18,8,early_verified_001_084_old_CellUniverse,/Volumes/T9/🦠Cell Universe/🟣Output/✅C.elegans_developing embryo 11.76G/⚜️Yiding_embryo1~84 Verified 2G 20250430/✅embryo1~40 937M 20260414.0222_Yiding/✅1~40 VerifyRight_cells.csv,1
19,12,early_verified_001_084_old_CellUniverse,/Volumes/T9/🦠Cell Universe/🟣Output/✅C.elegans_developing embryo 11.76G/⚜️Yiding_embryo1~84 Verified 2G 20250430/✅embryo1~40 937M 20260414.0222_Yiding/✅1~40 VerifyRight_cells.csv,1
20,12,early_verified_001_084_old_CellUniverse,/Volumes/T9/🦠Cell Universe/🟣Output/✅C.elegans_developing embryo 11.76G/⚜️Yiding_embryo1~84 Verified 2G 20250430/✅embryo1~40 937M 20260414.0222_Yiding/✅1~40 VerifyRight_cells.csv,1
21,12,early_verified_001_084_old_CellUniverse,/Volumes/T9/🦠Cell Universe/🟣Output/✅C.elegans_developing embryo 11.76G/⚜️Yiding_embryo1~84 Verified 2G 20250430/✅embryo1~40 937M 20260414.0222_Yiding/✅1~40 VerifyRight_cells.csv,1
22,12,early_verified_001_084_old_CellUniverse,/Volumes/T9/🦠Cell Universe/🟣Output/✅C.elegans_developing embryo 11.76G/⚜️Yiding_embryo1~84 Verified 2G 20250430/✅embryo1~40 937M 20260414.0222_Yiding/✅1~40 VerifyRight_cells.csv,1
23,12,early_verified_001_084_old_CellUniverse,/Volumes/T9/🦠Cell Universe/🟣Output/✅C.elegans_developing embryo 11.76G/⚜️Yiding_embryo1~84 Verified 2G 20250430/✅embryo1~40 937M 20260414.0222_Yiding/✅1~40 VerifyRight_cells.csv,1
24,13,early_verified_001_084_old_CellUniverse,/Volumes/T9/🦠Cell Universe/🟣Output/✅C.elegans_developing embryo 11.76G/⚜️Yiding_embryo1~84 Verified 2G 20250430/✅embryo1~40 937M 20260414.0222_Yiding/✅1~40 VerifyRight_cells.csv,1
25,14,early_verified_001_084_old_CellUniverse,/Volumes/T9/🦠Cell Universe/🟣Output/✅C.elegans_developing embryo 11.76G/⚜️Yiding_embryo1~84 Verified 2G 20250430/✅embryo1~40 937M 20260414.0222_Yiding/✅1~40 VerifyRight_cells.csv,1
26,14,early_verified_001_084_old_CellUniverse,/Volumes/T9/🦠Cell Universe/🟣Output/✅C.elegans_developing embryo 11.76G/⚜️Yiding_embryo1~84 Verified 2G 20250430/✅embryo1~40 937M 20260414.0222_Yiding/✅1~40 VerifyRight_cells.csv,1
27,14,early_verified_001_084_old_CellUniverse,/Volumes/T9/🦠Cell Universe/🟣Output/✅C.elegans_developing embryo 11.76G/⚜️Yiding_embryo1~84 Verified 2G 20250430/✅embryo1~40 937M 20260414.0222_Yiding/✅1~40 VerifyRight_cells.csv,1
28,14,early_verified_001_084_old_CellUniverse,/Volumes/T9/🦠Cell Universe/🟣Output/✅C.elegans_developing embryo 11.76G/⚜️Yiding_embryo1~84 Verified 2G 20250430/✅embryo1~40 937M 20260414.0222_Yiding/✅1~40 VerifyRight_cells.csv,1
29,15,early_verified_001_084_old_CellUniverse,/Volumes/T9/🦠Cell Universe/🟣Output/✅C.elegans_developing embryo 11.76G/⚜️Yiding_embryo1~84 Verified 2G 20250430/✅embryo1~40 937M 20260414.0222_Yiding/✅1~40 VerifyRight_cells.csv,1
30,15,early_verified_001_084_old_CellUniverse,/Volumes/T9/🦠Cell Universe/🟣Output/✅C.elegans_developing embryo 11.76G/⚜️Yiding_embryo1~84 Verified 2G 20250430/✅embryo1~40 937M 20260414.0222_Yiding/✅1~40 VerifyRight_cells.csv,1
31,15,early_verified_001_084_old_CellUniverse,/Volumes/T9/🦠Cell Universe/🟣Output/✅C.elegans_developing embryo 11.76G/⚜️Yiding_embryo1~84 Verified 2G 20250430/✅embryo1~40 937M 20260414.0222_Yiding/✅1~40 VerifyRight_cells.csv,1
32,15,early_verified_001_084_old_CellUniverse,/Volumes/T9/🦠Cell Universe/🟣Output/✅C.elegans_developing embryo 11.76G/⚜️Yiding_embryo1~84 Verified 2G 20250430/✅embryo1~40 937M 20260414.0222_Yiding/✅1~40 VerifyRight_cells.csv,1
33,15,early_verified_001_084_old_CellUniverse,/Volumes/T9/🦠Cell Universe/🟣Output/✅C.elegans_developing embryo 11.76G/⚜️Yiding_embryo1~84 Verified 2G 20250430/✅embryo1~40 937M 20260414.0222_Yiding/✅1~40 VerifyRight_cells.csv,1
34,16,early_verified_001_084_old_CellUniverse,/Volumes/T9/🦠Cell Universe/🟣Output/✅C.elegans_developing embryo 11.76G/⚜️Yiding_embryo1~84 Verified 2G 20250430/✅embryo1~40 937M 20260414.0222_Yiding/✅1~40 VerifyRight_cells.csv,1
35,24,early_verified_001_084_old_CellUniverse,/Volumes/T9/🦠Cell Universe/🟣Output/✅C.elegans_developing embryo 11.76G/⚜️Yiding_embryo1~84 Verified 2G 20250430/✅embryo1~40 937M 20260414.0222_Yiding/✅1~40 VerifyRight_cells.csv,1
36,24,early_verified_001_084_old_CellUniverse,/Volumes/T9/🦠Cell Universe/🟣Output/✅C.elegans_developing embryo 11.76G/⚜️Yiding_embryo1~84 Verified 2G 20250430/✅embryo1~40 937M 20260414.0222_Yiding/✅1~40 VerifyRight_cells.csv,1
37,24,early_verified_001_084_old_CellUniverse,/Volumes/T9/🦠Cell Universe/🟣Output/✅C.elegans_developing embryo 11.76G/⚜️Yiding_embryo1~84 Verified 2G 20250430/✅embryo1~40 937M 20260414.0222_Yiding/✅1~40 VerifyRight_cells.csv,1
38,24,early_verified_001_084_old_CellUniverse,/Volumes/T9/🦠Cell Universe/🟣Output/✅C.elegans_developing embryo 11.76G/⚜️Yiding_embryo1~84 Verified 2G 20250430/✅embryo1~40 937M 20260414.0222_Yiding/✅1~40 VerifyRight_cells.csv,1
39,24,early_verified_001_084_old_CellUniverse,/Volumes/T9/🦠Cell Universe/🟣Output/✅C.elegans_developing embryo 11.76G/⚜️Yiding_embryo1~84 Verified 2G 20250430/✅embryo1~40 937M 20260414.0222_Yiding/✅1~40 VerifyRight_cells.csv,1
40,24,early_verified_001_084_old_CellUniverse,/Volumes/T9/🦠Cell Universe/🟣Output/✅C.elegans_developing embryo 11.76G/⚜️Yiding_embryo1~84 Verified 2G 20250430/✅embryo40~53 279M 20260420.1206/✅40~53 VerifiedRight cells.csv,2
41,24,early_verified_001_084_old_CellUniverse,/Volumes/T9/🦠Cell Universe/🟣Output/✅C.elegans_developing embryo 11.76G/⚜️Yiding_embryo1~84 Verified 2G 20250430/✅embryo40~53 279M 20260420.1206/✅40~53 VerifiedRight cells.csv,1
42,24,early_verified_001_084_old_CellUniverse,/Volumes/T9/🦠Cell Universe/🟣Output/✅C.elegans_developing embryo 11.76G/⚜️Yiding_embryo1~84 Verified 2G 20250430/✅embryo40~53 279M 20260420.1206/✅40~53 VerifiedRight cells.csv,1
43,24,early_verified_001_084_old_CellUniverse,/Volumes/T9/🦠Cell Universe/🟣Output/✅C.elegans_developing embryo 11.76G/⚜️Yiding_embryo1~84 Verified 2G 20250430/✅embryo40~53 279M 20260420.1206/✅40~53 VerifiedRight cells.csv,1
44,24,early_verified_001_084_old_CellUniverse,/Volumes/T9/🦠Cell Universe/🟣Output/✅C.elegans_developing embryo 11.76G/⚜️Yiding_embryo1~84 Verified 2G 20250430/✅embryo40~53 279M 20260420.1206/✅40~53 VerifiedRight cells.csv,1
45,26,early_verified_001_084_old_CellUniverse,/Volumes/T9/🦠Cell Universe/🟣Output/✅C.elegans_developing embryo 11.76G/⚜️Yiding_embryo1~84 Verified 2G 20250430/✅embryo40~53 279M 20260420.1206/✅40~53 VerifiedRight cells.csv,1
46,26,early_verified_001_084_old_CellUniverse,/Volumes/T9/🦠Cell Universe/🟣Output/✅C.elegans_developing embryo 11.76G/⚜️Yiding_embryo1~84 Verified 2G 20250430/✅embryo40~53 279M 20260420.1206/✅40~53 VerifiedRight cells.csv,1
47,26,early_verified_001_084_old_CellUniverse,/Volumes/T9/🦠Cell Universe/🟣Output/✅C.elegans_developing embryo 11.76G/⚜️Yiding_embryo1~84 Verified 2G 20250430/✅embryo40~53 279M 20260420.1206/✅40~53 VerifiedRight cells.csv,1
48,26,early_verified_001_084_old_CellUniverse,/Volumes/T9/🦠Cell Universe/🟣Output/✅C.elegans_developing embryo 11.76G/⚜️Yiding_embryo1~84 Verified 2G 20250430/✅embryo40~53 279M 20260420.1206/✅40~53 VerifiedRight cells.csv,1
49,26,early_verified_001_084_old_CellUniverse,/Volumes/T9/🦠Cell Universe/🟣Output/✅C.elegans_developing embryo 11.76G/⚜️Yiding_embryo1~84 Verified 2G 20250430/✅embryo40~53 279M 20260420.1206/✅40~53 VerifiedRight cells.csv,1
50,26,early_verified_001_084_old_CellUniverse,/Volumes/T9/🦠Cell Universe/🟣Output/✅C.elegans_developing embryo 11.76G/⚜️Yiding_embryo1~84 Verified 2G 20250430/✅embryo40~53 279M 20260420.1206/✅40~53 VerifiedRight cells.csv,1
51,26,early_verified_001_084_old_CellUniverse,/Volumes/T9/🦠Cell Universe/🟣Output/✅C.elegans_developing embryo 11.76G/⚜️Yiding_embryo1~84 Verified 2G 20250430/✅embryo40~53 279M 20260420.1206/✅40~53 VerifiedRight cells.csv,1
52,28,early_verified_001_084_old_CellUniverse,/Volumes/T9/🦠Cell Universe/🟣Output/✅C.elegans_developing embryo 11.76G/⚜️Yiding_embryo1~84 Verified 2G 20250430/✅embryo40~53 279M 20260420.1206/✅40~53 VerifiedRight cells.csv,1
53,28,early_verified_001_084_old_CellUniverse,/Volumes/T9/🦠Cell Universe/🟣Output/✅C.elegans_developing embryo 11.76G/⚜️Yiding_embryo1~84 Verified 2G 20250430/✅embryo53~79❌105 673M 20260427.0233/✅53~79_VerifyRight_EmbryoCells.csv,2
54,28,early_verified_001_084_old_CellUniverse,/Volumes/T9/🦠Cell Universe/🟣Output/✅C.elegans_developing embryo 11.76G/⚜️Yiding_embryo1~84 Verified 2G 20250430/✅embryo53~79❌105 673M 20260427.0233/✅53~79_VerifyRight_EmbryoCells.csv,1
55,28,early_verified_001_084_old_CellUniverse,/Volumes/T9/🦠Cell Universe/🟣Output/✅C.elegans_developing embryo 11.76G/⚜️Yiding_embryo1~84 Verified 2G 20250430/✅embryo53~79❌105 673M 20260427.0233/✅53~79_VerifyRight_EmbryoCells.csv,1
56,28,early_verified_001_084_old_CellUniverse,/Volumes/T9/🦠Cell Universe/🟣Output/✅C.elegans_developing embryo 11.76G/⚜️Yiding_embryo1~84 Verified 2G 20250430/✅embryo53~79❌105 673M 20260427.0233/✅53~79_VerifyRight_EmbryoCells.csv,1
57,28,early_verified_001_084_old_CellUniverse,/Volumes/T9/🦠Cell Universe/🟣Output/✅C.elegans_developing embryo 11.76G/⚜️Yiding_embryo1~84 Verified 2G 20250430/✅embryo53~79❌105 673M 20260427.0233/✅53~79_VerifyRight_EmbryoCells.csv,1
58,30,early_verified_001_084_old_CellUniverse,/Volumes/T9/🦠Cell Universe/🟣Output/✅C.elegans_developing embryo 11.76G/⚜️Yiding_embryo1~84 Verified 2G 20250430/✅embryo53~79❌105 673M 20260427.0233/✅53~79_VerifyRight_EmbryoCells.csv,1
59,39,early_verified_001_084_old_CellUniverse,/Volumes/T9/🦠Cell Universe/🟣Output/✅C.elegans_developing embryo 11.76G/⚜️Yiding_embryo1~84 Verified 2G 20250430/✅embryo53~79❌105 673M 20260427.0233/✅53~79_VerifyRight_EmbryoCells.csv,1
60,43,early_verified_001_084_old_CellUniverse,/Volumes/T9/🦠Cell Universe/🟣Output/✅C.elegans_developing embryo 11.76G/⚜️Yiding_embryo1~84 Verified 2G 20250430/✅embryo53~79❌105 673M 20260427.0233/✅53~79_VerifyRight_EmbryoCells.csv,1
61,45,early_verified_001_084_old_CellUniverse,/Volumes/T9/🦠Cell Universe/🟣Output/✅C.elegans_developing embryo 11.76G/⚜️Yiding_embryo1~84 Verified 2G 20250430/✅embryo53~79❌105 673M 20260427.0233/✅53~79_VerifyRight_EmbryoCells.csv,1
62,45,early_verified_001_084_old_CellUniverse,/Volumes/T9/🦠Cell Universe/🟣Output/✅C.elegans_developing embryo 11.76G/⚜️Yiding_embryo1~84 Verified 2G 20250430/✅embryo53~79❌105 673M 20260427.0233/✅53~79_VerifyRight_EmbryoCells.csv,1
63,45,early_verified_001_084_old_CellUniverse,/Volumes/T9/🦠Cell Universe/🟣Output/✅C.elegans_developing embryo 11.76G/⚜️Yiding_embryo1~84 Verified 2G 20250430/✅embryo53~79❌105 673M 20260427.0233/✅53~79_VerifyRight_EmbryoCells.csv,1
64,46,early_verified_001_084_old_CellUniverse,/Volumes/T9/🦠Cell Universe/🟣Output/✅C.elegans_developing embryo 11.76G/⚜️Yiding_embryo1~84 Verified 2G 20250430/✅embryo53~79❌105 673M 20260427.0233/✅53~79_VerifyRight_EmbryoCells.csv,1
65,46,early_verified_001_084_old_CellUniverse,/Volumes/T9/🦠Cell Universe/🟣Output/✅C.elegans_developing embryo 11.76G/⚜️Yiding_embryo1~84 Verified 2G 20250430/✅embryo53~79❌105 673M 20260427.0233/✅53~79_VerifyRight_EmbryoCells.csv,1
66,47,early_verified_001_084_old_CellUniverse,/Volumes/T9/🦠Cell Universe/🟣Output/✅C.elegans_developing embryo 11.76G/⚜️Yiding_embryo1~84 Verified 2G 20250430/✅embryo53~79❌105 673M 20260427.0233/✅53~79_VerifyRight_EmbryoCells.csv,1
67,47,early_verified_001_084_old_CellUniverse,/Volumes/T9/🦠Cell Universe/🟣Output/✅C.elegans_developing embryo 11.76G/⚜️Yiding_embryo1~84 Verified 2G 20250430/✅embryo53~79❌105 673M 20260427.0233/✅53~79_VerifyRight_EmbryoCells.csv,1
68,48,early_verified_001_084_old_CellUniverse,/Volumes/T9/🦠Cell Universe/🟣Output/✅C.elegans_developing embryo 11.76G/⚜️Yiding_embryo1~84 Verified 2G 20250430/✅embryo53~79❌105 673M 20260427.0233/✅53~79_VerifyRight_EmbryoCells.csv,1
69,49,early_verified_001_084_old_CellUniverse,/Volumes/T9/🦠Cell Universe/🟣Output/✅C.elegans_developing embryo 11.76G/⚜️Yiding_embryo1~84 Verified 2G 20250430/✅embryo53~79❌105 673M 20260427.0233/✅53~79_VerifyRight_EmbryoCells.csv,1
70,50,early_verified_001_084_old_CellUniverse,/Volumes/T9/🦠Cell Universe/🟣Output/✅C.elegans_developing embryo 11.76G/⚜️Yiding_embryo1~84 Verified 2G 20250430/✅embryo53~79❌105 673M 20260427.0233/✅53~79_VerifyRight_EmbryoCells.csv,1
71,50,early_verified_001_084_old_CellUniverse,/Volumes/T9/🦠Cell Universe/🟣Output/✅C.elegans_developing embryo 11.76G/⚜️Yiding_embryo1~84 Verified 2G 20250430/✅embryo53~79❌105 673M 20260427.0233/✅53~79_VerifyRight_EmbryoCells.csv,1
72,51,early_verified_001_084_old_CellUniverse,/Volumes/T9/🦠Cell Universe/🟣Output/✅C.elegans_developing embryo 11.76G/⚜️Yiding_embryo1~84 Verified 2G 20250430/✅embryo53~79❌105 673M 20260427.0233/✅53~79_VerifyRight_EmbryoCells.csv,1
73,51,early_verified_001_084_old_CellUniverse,/Volumes/T9/🦠Cell Universe/🟣Output/✅C.elegans_developing embryo 11.76G/⚜️Yiding_embryo1~84 Verified 2G 20250430/✅embryo53~79❌105 673M 20260427.0233/✅53~79_VerifyRight_EmbryoCells.csv,1
74,51,early_verified_001_084_old_CellUniverse,/Volumes/T9/🦠Cell Universe/🟣Output/✅C.elegans_developing embryo 11.76G/⚜️Yiding_embryo1~84 Verified 2G 20250430/✅embryo53~79❌105 673M 20260427.0233/✅53~79_VerifyRight_EmbryoCells.csv,1
75,51,early_verified_001_084_old_CellUniverse,/Volumes/T9/🦠Cell Universe/🟣Output/✅C.elegans_developing embryo 11.76G/⚜️Yiding_embryo1~84 Verified 2G 20250430/✅embryo53~79❌105 673M 20260427.0233/✅53~79_VerifyRight_EmbryoCells.csv,1
76,51,early_verified_001_084_old_CellUniverse,/Volumes/T9/🦠Cell Universe/🟣Output/✅C.elegans_developing embryo 11.76G/⚜️Yiding_embryo1~84 Verified 2G 20250430/✅embryo53~79❌105 673M 20260427.0233/✅53~79_VerifyRight_EmbryoCells.csv,1
77,51,early_verified_001_084_old_CellUniverse,/Volumes/T9/🦠Cell Universe/🟣Output/✅C.elegans_developing embryo 11.76G/⚜️Yiding_embryo1~84 Verified 2G 20250430/✅embryo53~79❌105 673M 20260427.0233/✅53~79_VerifyRight_EmbryoCells.csv,1
78,51,early_verified_001_084_old_CellUniverse,/Volumes/T9/🦠Cell Universe/🟣Output/✅C.elegans_developing embryo 11.76G/⚜️Yiding_embryo1~84 Verified 2G 20250430/✅embryo53~79❌105 673M 20260427.0233/✅53~79_VerifyRight_EmbryoCells.csv,1
79,51,early_verified_001_084_old_CellUniverse,/Volumes/T9/🦠Cell Universe/🟣Output/✅C.elegans_developing embryo 11.76G/⚜️Yiding_embryo1~84 Verified 2G 20250430/✅embryo53~79❌105 673M 20260427.0233/✅53~79_VerifyRight_EmbryoCells.csv,1
80,53,early_verified_001_084_old_CellUniverse,/Volumes/T9/🦠Cell Universe/🟣Output/✅C.elegans_developing embryo 11.76G/⚜️Yiding_embryo1~84 Verified 2G 20250430/✅embryo80_10M/✅Frame80_cells.csv,2
81,53,early_verified_001_084_old_CellUniverse,/Volumes/T9/🦠Cell Universe/🟣Output/✅C.elegans_developing embryo 11.76G/⚜️Yiding_embryo1~84 Verified 2G 20250430/✅embryo81~84❌89 96M_Yiding/✅81~84-Prove_Corret_Until_Frame84.csv,2
82,54,early_verified_001_084_old_CellUniverse,/Volumes/T9/🦠Cell Universe/🟣Output/✅C.elegans_developing embryo 11.76G/⚜️Yiding_embryo1~84 Verified 2G 20250430/✅embryo81~84❌89 96M_Yiding/✅81~84-Prove_Corret_Until_Frame84.csv,2
83,54,early_verified_001_084_old_CellUniverse,/Volumes/T9/🦠Cell Universe/🟣Output/✅C.elegans_developing embryo 11.76G/⚜️Yiding_embryo1~84 Verified 2G 20250430/✅embryo81~84❌89 96M_Yiding/✅81~84-Prove_Corret_Until_Frame84.csv,2
84,55,early_verified_001_084_old_CellUniverse,/Volumes/T9/🦠Cell Universe/🟣Output/✅C.elegans_developing embryo 11.76G/⚜️Yiding_embryo1~84 Verified 2G 20250430/✅embryo81~84❌89 96M_Yiding/✅81~84-Prove_Corret_Until_Frame84.csv,2
85,61,mid_verified_085_120_CellLumenFusion,/Users/wangyiding/CellUniverse/C++/output/F085-120_0530/✅_contains_verified_correct_frames_20260601/✅085-097_PASS13frames_⚠️fail098_finalCurrentCode_running_noExport_GTdelayAware_20260531/cells.csv,14
86,71,mid_verified_085_120_CellLumenFusion,/Users/wangyiding/CellUniverse/C++/output/F085-120_0530/✅_contains_verified_correct_frames_20260601/✅085-097_PASS13frames_⚠️fail098_finalCurrentCode_running_noExport_GTdelayAware_20260531/cells.csv,9
87,77,mid_verified_085_120_CellLumenFusion,/Users/wangyiding/CellUniverse/C++/output/F085-120_0530/✅_contains_verified_correct_frames_20260601/✅085-097_PASS13frames_⚠️fail098_finalCurrentCode_running_noExport_GTdelayAware_20260531/cells.csv,3
88,83,mid_verified_085_120_CellLumenFusion,/Users/wangyiding/CellUniverse/C++/output/F085-120_0530/✅_contains_verified_correct_frames_20260601/✅085-097_PASS13frames_⚠️fail098_finalCurrentCode_running_noExport_GTdelayAware_20260531/cells.csv,5
89,87,mid_verified_085_120_CellLumenFusion,/Users/wangyiding/CellUniverse/C++/output/F085-120_0530/✅_contains_verified_correct_frames_20260601/✅085-097_PASS13frames_⚠️fail098_finalCurrentCode_running_noExport_GTdelayAware_20260531/cells.csv,5
90,88,mid_verified_085_120_CellLumenFusion,/Users/wangyiding/CellUniverse/C++/output/F085-120_0530/✅_contains_verified_correct_frames_20260601/✅085-097_PASS13frames_⚠️fail098_finalCurrentCode_running_noExport_GTdelayAware_20260531/cells.csv,5
91,88,mid_verified_085_120_CellLumenFusion,/Users/wangyiding/CellUniverse/C++/output/F085-120_0530/✅_contains_verified_correct_frames_20260601/✅085-097_PASS13frames_⚠️fail098_finalCurrentCode_running_noExport_GTdelayAware_20260531/cells.csv,5
92,88,mid_verified_085_120_CellLumenFusion,/Users/wangyiding/CellUniverse/C++/output/F085-120_0530/✅_contains_verified_correct_frames_20260601/✅085-097_PASS13frames_⚠️fail098_finalCurrentCode_running_noExport_GTdelayAware_20260531/cells.csv,5
93,88,mid_verified_085_120_CellLumenFusion,/Users/wangyiding/CellUniverse/C++/output/F085-120_0530/✅_contains_verified_correct_frames_20260601/✅085-097_PASS13frames_⚠️fail098_finalCurrentCode_running_noExport_GTdelayAware_20260531/cells.csv,5
94,88,mid_verified_085_120_CellLumenFusion,/Users/wangyiding/CellUniverse/C++/output/F085-120_0530/✅_contains_verified_correct_frames_20260601/✅085-097_PASS13frames_⚠️fail098_finalCurrentCode_running_noExport_GTdelayAware_20260531/cells.csv,5
95,88,mid_verified_085_120_CellLumenFusion,/Users/wangyiding/CellUniverse/C++/output/F085-120_0530/✅_contains_verified_correct_frames_20260601/✅085-097_PASS13frames_⚠️fail098_finalCurrentCode_running_noExport_GTdelayAware_20260531/cells.csv,5
96,88,mid_verified_085_120_CellLumenFusion,/Users/wangyiding/CellUniverse/C++/output/F085-120_0530/✅_contains_verified_correct_frames_20260601/✅085-097_PASS13frames_⚠️fail098_finalCurrentCode_running_noExport_GTdelayAware_20260531/cells.csv,5
97,90,mid_verified_085_120_CellLumenFusion,/Users/wangyiding/CellUniverse/C++/output/F085-120_0530/✅_contains_verified_correct_frames_20260601/✅085-097_PASS13frames_⚠️fail098_finalCurrentCode_running_noExport_GTdelayAware_20260531/cells.csv,6
98,92,mid_verified_085_120_CellLumenFusion,/Users/wangyiding/CellUniverse/C++/output/F085-120_0530/✅_contains_verified_correct_frames_20260601/✅098-109_PASS12frames_⚠️fail110_resume097_zStackWeakGate_noExport_GTdelayAware_20260531/cells.csv,6
99,93,mid_verified_085_120_CellLumenFusion,/Users/wangyiding/CellUniverse/C++/output/F085-120_0530/✅_contains_verified_correct_frames_20260601/✅098-109_PASS12frames_⚠️fail110_resume097_zStackWeakGate_noExport_GTdelayAware_20260531/cells.csv,5
100,93,mid_verified_085_120_CellLumenFusion,/Users/wangyiding/CellUniverse/C++/output/F085-120_0530/✅_contains_verified_correct_frames_20260601/✅098-109_PASS12frames_⚠️fail110_resume097_zStackWeakGate_noExport_GTdelayAware_20260531/cells.csv,4
101,95,mid_verified_085_120_CellLumenFusion,/Users/wangyiding/CellUniverse/C++/output/F085-120_0530/✅_contains_verified_correct_frames_20260601/✅098-109_PASS12frames_⚠️fail110_resume097_zStackWeakGate_noExport_GTdelayAware_20260531/cells.csv,5
102,97,mid_verified_085_120_CellLumenFusion,/Users/wangyiding/CellUniverse/C++/output/F085-120_0530/✅_contains_verified_correct_frames_20260601/✅098-109_PASS12frames_⚠️fail110_resume097_zStackWeakGate_noExport_GTdelayAware_20260531/cells.csv,5
103,97,mid_verified_085_120_CellLumenFusion,/Users/wangyiding/CellUniverse/C++/output/F085-120_0530/✅_contains_verified_correct_frames_20260601/✅098-109_PASS12frames_⚠️fail110_resume097_zStackWeakGate_noExport_GTdelayAware_20260531/cells.csv,5
104,97,mid_verified_085_120_CellLumenFusion,/Users/wangyiding/CellUniverse/C++/output/F085-120_0530/✅_contains_verified_correct_frames_20260601/✅098-109_PASS12frames_⚠️fail110_resume097_zStackWeakGate_noExport_GTdelayAware_20260531/cells.csv,5
105,98,mid_verified_085_120_CellLumenFusion,/Users/wangyiding/CellUniverse/C++/output/F085-120_0530/✅_contains_verified_correct_frames_20260601/✅098-109_PASS12frames_⚠️fail110_resume097_zStackWeakGate_noExport_GTdelayAware_20260531/cells.csv,5
106,100,mid_verified_085_120_CellLumenFusion,/Users/wangyiding/CellUniverse/C++/output/F085-120_0530/✅_contains_verified_correct_frames_20260601/✅098-109_PASS12frames_⚠️fail110_resume097_zStackWeakGate_noExport_GTdelayAware_20260531/cells.csv,5
107,100,mid_verified_085_120_CellLumenFusion,/Users/wangyiding/CellUniverse/C++/output/F085-120_0530/✅_contains_verified_correct_frames_20260601/✅098-109_PASS12frames_⚠️fail110_resume097_zStackWeakGate_noExport_GTdelayAware_20260531/cells.csv,5
108,101,mid_verified_085_120_CellLumenFusion,/Users/wangyiding/CellUniverse/C++/output/F085-120_0530/✅_contains_verified_correct_frames_20260601/✅098-109_PASS12frames_⚠️fail110_resume097_zStackWeakGate_noExport_GTdelayAware_20260531/cells.csv,5
109,102,mid_verified_085_120_CellLumenFusion,/Users/wangyiding/CellUniverse/C++/output/F085-120_0530/✅_contains_verified_correct_frames_20260601/✅098-109_PASS12frames_⚠️fail110_resume097_zStackWeakGate_noExport_GTdelayAware_20260531/cells.csv,6
110,102,mid_verified_085_120_CellLumenFusion,/Users/wangyiding/CellUniverse/C++/output/F085-120_0530/✅_contains_verified_correct_frames_20260601/✅110-113_PASS4frames_⚠️fail114_resume109_overlapReanchor_noExport_GTdelayAware_20260531/cells.csv,6
111,103,mid_verified_085_120_CellLumenFusion,/Users/wangyiding/CellUniverse/C++/output/F085-120_0530/✅_contains_verified_correct_frames_20260601/✅110-113_PASS4frames_⚠️fail114_resume109_overlapReanchor_noExport_GTdelayAware_20260531/cells.csv,5
112,105,mid_verified_085_120_CellLumenFusion,/Users/wangyiding/CellUniverse/C++/output/F085-120_0530/✅_contains_verified_correct_frames_20260601/✅110-113_PASS4frames_⚠️fail114_resume109_overlapReanchor_noExport_GTdelayAware_20260531/cells.csv,5
113,105,mid_verified_085_120_CellLumenFusion,/Users/wangyiding/CellUniverse/C++/output/F085-120_0530/✅_contains_verified_correct_frames_20260601/✅110-113_PASS4frames_⚠️fail114_resume109_overlapReanchor_noExport_GTdelayAware_20260531/cells.csv,6
114,105,mid_verified_085_120_CellLumenFusion,/Users/wangyiding/CellUniverse/C++/output/F085-120_0530/✅_contains_verified_correct_frames_20260601/✅114-116_PASS3frames_⚠️fail117_resume113_daughterExistingReanchor_noExport_GTdelayAware_20260531/cells.csv,7
115,106,mid_verified_085_120_CellLumenFusion,/Users/wangyiding/CellUniverse/C++/output/F085-120_0530/✅_contains_verified_correct_frames_20260601/✅114-116_PASS3frames_⚠️fail117_resume113_daughterExistingReanchor_noExport_GTdelayAware_20260531/cells.csv,6
116,106,mid_verified_085_120_CellLumenFusion,/Users/wangyiding/CellUniverse/C++/output/F085-120_0530/✅_contains_verified_correct_frames_20260601/✅114-116_PASS3frames_⚠️fail117_resume113_daughterExistingReanchor_noExport_GTdelayAware_20260531/cells.csv,7
117,108,mid_verified_085_120_CellLumenFusion,/Users/wangyiding/CellUniverse/C++/output/F085-120_0530/✅_contains_verified_correct_frames_20260601/✅117-118_PASS2frames_⚠️fail119_resume116_strongAsymTemporalSelect_noExport_GTdelayAware_20260531/cells.csv,5
118,112,mid_verified_085_120_CellLumenFusion,/Users/wangyiding/CellUniverse/C++/output/F085-120_0530/✅_contains_verified_correct_frames_20260601/✅117-118_PASS2frames_⚠️fail119_resume116_strongAsymTemporalSelect_noExport_GTdelayAware_20260531/cells.csv,5
119,118,mid_verified_085_120_CellLumenFusion,/Users/wangyiding/CellUniverse/C++/output/F085-120_0530/✅_contains_verified_correct_frames_20260601/✅119-120_PASS2frames_resume118_temporalCenterPcaLock_noExport_GTdelayAware_20260531/cells.csv,6
120,129,mid_verified_085_120_CellLumenFusion,/Users/wangyiding/CellUniverse/C++/output/F085-120_0530/✅_contains_verified_correct_frames_20260601/✅119-120_PASS2frames_resume118_temporalCenterPcaLock_noExport_GTdelayAware_20260531/cells.csv,5
121,139,late_verified_121_170_CellLumenFusion,/Volumes/T9/🦠Cell Universe/🟣Output/✅C.elegans_developing embryo 11.76G/✅121_139cells_center0miss_10split_ok_fast241s_shapeOK_noFallback_20260525.1251/cells.csv,1
122,145,late_verified_121_170_CellLumenFusion,/Volumes/T9/🦠Cell Universe/🟣Output/✅C.elegans_developing embryo 11.76G/✅122_145cells_center0miss_0extra_6split_ok_250s_gapfix_shapeOK_20260525.1423/cells.csv,1
123,151,late_verified_121_170_CellLumenFusion,/Volumes/T9/🦠Cell Universe/🟣Output/✅C.elegans_developing embryo 11.76G/✅123_151cells_PASS151of151_extra0_softglobal_nosuppress_204s_20260525.1900/cells.csv,2
124,157,late_verified_121_170_CellLumenFusion,/Volumes/T9/🦠Cell Universe/🟣Output/✅C.elegans_developing embryo 11.76G/✅124_157cells_PASS157of157_extra0_softglobal_nosuppress_215s_20260525.1906/cells.csv,1
125,161,late_verified_121_170_CellLumenFusion,/Volumes/T9/🦠Cell Universe/🟣Output/✅C.elegans_developing embryo 11.76G/✅125_161cells_PASS161of161_extra0_softglobal_nosuppress_191s_20260525.1914/cells.csv,1
127,168,late_verified_121_170_CellLumenFusion,/Volumes/T9/🦠Cell Universe/🟣Output/✅C.elegans_developing embryo 11.76G/✅127_168cells_PASS168of168_extra0_softglobal_nosuppress_114s_20260525.1931/cells.csv,1
128,168,late_verified_121_170_CellLumenFusion,/Volumes/T9/🦠Cell Universe/🟣Output/✅C.elegans_developing embryo 11.76G/✅128_168cells_PASS168of168_extra0_softglobal_nosuppress_083s_20260525.1938/cells.csv,1
129,174,late_verified_121_170_CellLumenFusion,/Volumes/T9/🦠Cell Universe/🟣Output/✅C.elegans_developing embryo 11.76G/✅129_174cells_PASS174of174_extra0_bridgewaive_252s_20260525.2039/cells.csv,1
130,176,late_verified_121_170_CellLumenFusion,/Volumes/T9/🦠Cell Universe/🟣Output/✅C.elegans_developing embryo 11.76G/✅130_176cells_PASS176of176_extra0_neighborclaim_191s_20260525.2111/cells.csv,1
131,178,late_verified_121_170_CellLumenFusion,/Volumes/T9/🦠Cell Universe/🟣Output/✅C.elegans_developing embryo 11.76G/✅131_178cells_PASS178of178_extra0_299s_20260526.0037/cells.csv,1
132,179,late_verified_121_170_CellLumenFusion,/Volumes/T9/🦠Cell Universe/🟣Output/✅C.elegans_developing embryo 11.76G/✅132_179cells_PASS179of179_extra0_202s_20260526.0046/cells.csv,1
133,180,late_verified_121_170_CellLumenFusion,/Volumes/T9/🦠Cell Universe/🟣Output/✅C.elegans_developing embryo 11.76G/✅133_180cells_PASS180of180_extra0_200s_20260526.0055/cells.csv,1
134,180,late_verified_121_170_CellLumenFusion,/Volumes/T9/🦠Cell Universe/🟣Output/✅C.elegans_developing embryo 11.76G/✅134_180cells_PASS180of180_extra0_lateralgate_181s_20260526.0120/cells.csv,1
135,182,late_verified_121_170_CellLumenFusion,/Volumes/T9/🦠Cell Universe/🟣Output/✅C.elegans_developing embryo 11.76G/✅135_182cells_GTDLY_extra1_parent574_splitsAt136_222s_20260526.0130/cells.csv,1
136,182,late_verified_121_170_CellLumenFusion,/Volumes/T9/🦠Cell Universe/🟣Output/✅C.elegans_developing embryo 11.76G/✅136_182cells_PASS182of182_extra0_skiprandom_175s_20260526.0223/cells.csv,1
137,183,late_verified_121_170_CellLumenFusion,/Volumes/T9/🦠Cell Universe/🟣Output/✅C.elegans_developing embryo 11.76G/✅137_183cells_PASS183of183_extra0_prior1_198s_20260526.0229/cells.csv,1
138,185,late_verified_121_170_CellLumenFusion,/Volumes/T9/🦠Cell Universe/🟣Output/✅C.elegans_developing embryo 11.76G/✅138_185cells_PASS185of185_extra0_prior3_241s_20260526.0237/cells.csv,1
139,186,late_verified_121_170_CellLumenFusion,/Volumes/T9/🦠Cell Universe/🟣Output/✅C.elegans_developing embryo 11.76G/✅139_186cells_PASS186of186_extra0_prior5_205s_20260526.0247/cells.csv,1
140,186,late_verified_121_170_CellLumenFusion,/Volumes/T9/🦠Cell Universe/🟣Output/✅C.elegans_developing embryo 11.76G/✅140_186cells_PASS186of186_extra0_roundguard_180s_20260526.0320/cells.csv,1
141,186,late_verified_121_170_CellLumenFusion,/Volumes/T9/🦠Cell Universe/🟣Output/✅C.elegans_developing embryo 11.76G/✅141_186cells_PASS186of186_extra0_overlapguard_175s_20260526.0341/cells.csv,1
142,186,late_verified_121_170_CellLumenFusion,/Volumes/T9/🦠Cell Universe/🟣Output/✅C.elegans_developing embryo 11.76G/✅142_186cells_PASS186of186_extra0_prior0_176s_20260526.0346/cells.csv,1
143,187,late_verified_121_170_CellLumenFusion,/Volumes/T9/🦠Cell Universe/🟣Output/✅C.elegans_developing embryo 11.76G/✅143_187cells_PASS187of187_extra0_prior1_214s_20260526.0352/cells.csv,1
144,187,late_verified_121_170_CellLumenFusion,/Volumes/T9/🦠Cell Universe/🟣Output/✅C.elegans_developing embryo 11.76G/✅144_187cells_PASS187of187_extra0_posgate_182s_20260526.0419/cells.csv,1
145,188,late_verified_121_170_CellLumenFusion,/Volumes/T9/🦠Cell Universe/🟣Output/✅C.elegans_developing embryo 11.76G/✅145_188cells_PASS188of188_extra0_prior1_214s_20260526.0426/cells.csv,1
146,190,late_verified_121_170_CellLumenFusion,/Volumes/T9/🦠Cell Universe/🟣Output/✅C.elegans_developing embryo 11.76G/✅146_190cells_PASS190of190_extra0_prior2_264s_20260526.0432/cells.csv,1
147,191,late_verified_121_170_CellLumenFusion,/Volumes/T9/🦠Cell Universe/🟣Output/✅C.elegans_developing embryo 11.76G/✅147_191cells_PASS191of191_extra0_dynamic_posgate_202s_20260526.1040/cells.csv,1
148,192,late_verified_121_170_CellLumenFusion,/Volumes/T9/🦠Cell Universe/🟣Output/✅C.elegans_developing embryo 11.76G/✅148_192cells_PASS192of192_extra0_prior1_205s_20260526.1048/cells.csv,1
149,192,late_verified_121_170_CellLumenFusion,/Volumes/T9/🦠Cell Universe/🟣Output/✅C.elegans_developing embryo 11.76G/✅149_192cells_PASS192of192_extra0_prior0_188s_20260526.1054/cells.csv,1
150,192,late_verified_121_170_CellLumenFusion,/Volumes/T9/🦠Cell Universe/🟣Output/✅C.elegans_developing embryo 11.76G/✅150_192cells_PASS192of192_extra0_prior0_181s_20260526.1101/cells.csv,1
151,192,late_verified_121_170_CellLumenFusion,/Volumes/T9/🦠Cell Universe/🟣Output/✅C.elegans_developing embryo 11.76G/✅151_192cells_PASS192of192_extra0_prior0_187s_110840/cells.csv,1
152,193,late_verified_121_170_CellLumenFusion,/Volumes/T9/🦠Cell Universe/🟣Output/✅C.elegans_developing embryo 11.76G/✅152_193cells_PASS193of193_extra0_prior1_202s_111148/cells.csv,1
153,193,late_verified_121_170_CellLumenFusion,/Volumes/T9/🦠Cell Universe/🟣Output/✅C.elegans_developing embryo 11.76G/✅153_193cells_PASS193of193_extra0_prior0_190s_111510/cells.csv,1
154,195,late_verified_121_170_CellLumenFusion,/Volumes/T9/🦠Cell Universe/🟣Output/✅C.elegans_developing embryo 11.76G/✅154_195cells_PASS195of195_extra0_prior2_229s_111821/cells.csv,1
155,197,late_verified_121_170_CellLumenFusion,/Volumes/T9/🦠Cell Universe/🟣Output/✅C.elegans_developing embryo 11.76G/✅155_197cells_PASS197of197_extra0_valleyguard_prior8_249s_20260526.1241/cells.csv,1
156,200,late_verified_121_170_CellLumenFusion,/Volumes/T9/🦠Cell Universe/🟣Output/✅C.elegans_developing embryo 11.76G/✅156_200cells_PASS200of200_extra0_valleyguard_prior10_284s_20260526.1245/cells.csv,1
157,200,late_verified_121_170_CellLumenFusion,/Volumes/T9/🦠Cell Universe/🟣Output/✅C.elegans_developing embryo 11.76G/✅157_200cells_PASS200of200_extra0_valleyguard_prior5_224s_20260526.1250/cells.csv,2
158,201,late_verified_121_170_CellLumenFusion,/Volumes/T9/🦠Cell Universe/🟣Output/✅C.elegans_developing embryo 11.76G/✅158_201cells_201_extra0_valleyguard_prior8_246s_20260526.1253/cells.csv,2
159,205,late_verified_121_170_CellLumenFusion,/Volumes/T9/🦠Cell Universe/🟣Output/✅C.elegans_developing embryo 11.76G/✅159_205cells_205_extra0_valleyguard_prior13_312s_20260526.1258/cells.csv,1
160,206,late_verified_121_170_CellLumenFusion,/Volumes/T9/🦠Cell Universe/🟣Output/✅C.elegans_developing embryo 11.76G/✅160_206cells_PASS206of206_extra0_valleyguard_prior9_246s_20260526.1303/cells.csv,1
161,211,late_verified_121_170_CellLumenFusion,/Volumes/T9/🦠Cell Universe/🟣Output/✅C.elegans_developing embryo 11.76G/✅161_211cells_PASS211of211_extra0_continue_prior11_341s_20260526.1309/cells.csv,1
162,215,late_verified_121_170_CellLumenFusion,/Volumes/T9/🦠Cell Universe/🟣Output/✅C.elegans_developing embryo 11.76G/✅162_215cells_PASS215of215_extra0_continue_prior15_415s_20260526.1314/cells.csv,1
163,227,late_verified_121_170_CellLumenFusion,/Volumes/T9/🦠Cell Universe/🟣Output/✅C.elegans_developing embryo 11.76G/✅163_227cells_PASS227of227_extra0_snapshotwaive_525s_20260526.1534/cells.csv,1
164,232,late_verified_121_170_CellLumenFusion,/Volumes/T9/🦠Cell Universe/🟣Output/✅C.elegans_developing embryo 11.76G/✅164_232cells_PASS232of232_PASS_nonGT_fix_CellLumen_prior_split/cells.csv,1
165,240,late_verified_121_170_CellLumenFusion,/Volumes/T9/🦠Cell Universe/🟣Output/✅C.elegans_developing embryo 11.76G/✅165_240cells_PASS240of240_PASS_continuation_owner_constraint_20260527/cells.csv,1
166,256,late_verified_121_170_CellLumenFusion,/Volumes/T9/🦠Cell Universe/🟣Output/✅C.elegans_developing embryo 11.76G/✅166_256cells_PASS256of256_PASS_no_claim_balanced_bonus_20260527/cells.csv,1
167,268,late_verified_121_170_CellLumenFusion,/Volumes/T9/🦠Cell Universe/🟣Output/✅C.elegans_developing embryo 11.76G/✅167_268cells_PASS268of268_PASS_parent_persistence_guard_20260527/cells.csv,1
168,278,late_verified_121_170_CellLumenFusion,/Volumes/T9/🦠Cell Universe/🟣Output/✅C.elegans_developing embryo 11.76G/✅168_278cells_PASS278of278_PASS_pca_center_anchor_lock_03901_20260527/cells.csv,1
169,287,late_verified_121_170_CellLumenFusion,/Volumes/T9/🦠Cell Universe/🟣Output/✅C.elegans_developing embryo 11.76G/✅169_287cells_PASS287of287_PASS_parent_anchor_drift_and_overlap_claim_guard_20260527/cells.csv,1
170,299,late_verified_121_170_CellLumenFusion,/Users/wangyiding/CellUniverse/C++/output/F170-194_0531/✅_contains_verified_correct_frames_20260531/✅170_PASS1frames_299cells_⚠️fail171_recheckpoint_lateFix9_noTif_20260531/cells.csv,3
171,306,late_verified_171_174_local_partial,/Users/wangyiding/CellUniverse/C++/output/F170-194_0531/✅_contains_verified_correct_frames_20260531/✅171_PASS1frames_306cells_⚠️fail172_resumeFrom170_asymTwoRealRescue_sharedPenalty30_noTif_20260531/cells.csv,2
172,316,late_verified_171_174_local_partial,/Users/wangyiding/CellUniverse/C++/output/F170-194_0531/✅_contains_verified_correct_frames_20260531/✅172_PASS1frames_316cells_⚠️fail173_resumeFrom171_twoRealProtectionFix_noTif_20260531/cells.csv,2
174,324,late_verified_171_174_local_partial,/Users/wangyiding/CellUniverse/C++/output/F170-194_0531/✅_contains_verified_correct_frames_20260531/✅174_PASS1frames_324cells_⚠️fail175_resumeFrom173_crowdedBridgeSyntheticBright1_noTif_20260531/cells.csv,1
